{
  "weights": [
    0.24999999937499998,
    0.24999999937499998,
    0.24999999937499998,
    0.24999999937499998
  ],
  "threshold": 0.4,
  "f1": 1.0
}